Issue Type,Issue key,Summary,Description,Acceptance Criteria,Epic Name,Epic Link,Story Points,Component/s,Labels,Priority,Sprint
Epic,SSCDT-1,Ingestion & Data Layer,"Accept telemetry and security events from REST, MQTT, Wazuh SIEM, Suricata IDS, and external threat feeds. Persist records to PostgreSQL 16 across 20 relational tables for 32 seeded supply chain assets. Covers FR1–FR5 and Phases 1, 2, 4, 5, 6.",All 5 data ingestion sources verified and database schema initialized with 32 seeded assets.,Ingestion & Data Layer,,,Ingestion,phase-1;phase-2;wazuh;suricata,High,
Epic,SSCDT-2,Digital Twin Core,"Maintain a live digital twin network using NetworkX DiGraph (32 nodes, 14 edges), track real-time asset states, detect drift with auto-reconciliation, integrate Eclipse Ditto W3C Thing model (32 synced assets), and capture time-travel snapshots (full + delta). Covers FR6–FR9 and Phases 3, 8, 9, 20.",Twin graph reflects physical topology with continuous state sync and snapshot replay.,Digital Twin Core,,,Digital Twin Core,phase-3;eclipse-ditto,High,
Epic,SSCDT-3,Detection Engine,"Execute 10 rule-based anomaly detectors (RULE-001..RULE-010), 9 asset-type finite state machines, 6 multi-signal correlation rules, and 6-component dynamic risk scoring. Covers FR10–FR12 and Phases 7, 10, 11, 12.",Deterministic and behavioral detections fire within 2s of ingestion with composite risk score recalculation.,Detection Engine,,,Detection Engine,phase-1;ml,High,
Epic,SSCDT-4,Threat Intelligence (C8),"Extract 11 Indicator of Compromise (IOC) types, query VirusTotal, AbuseIPDB, and AlienVault OTX with 24h TTL cache, synthesize consensus reputation verdicts, and execute the closed-loop C8 risk reweighting loop. Covers FR13–FR15 and Phases 15, 16.",Automated reputation lookups dynamically amplify compromised asset risk and trigger blast radius recalculation.,Threat Intelligence (C8),,,Threat Intelligence,c8;ioc;research,Highest,
Epic,SSCDT-5,Analysis & Triage,"Compute multi-hop blast radius using BFS traversal with 0.7^depth decay, reconstruct multi-stage attack stories mapped to 13 MITRE ATT&CK tactics, execute automated triage (TP/FP/FN/TN), and compute KernelSHAP explainability attributions. Covers FR16–FR18 and Phases 14, 17, 18, 22.",Attack stories synthesize contextual narratives and triage achieves Precision=0.89, Recall=1.00, F1=0.94.,Analysis & Triage,,,Analysis & Triage,mitre;xai,Highest,
Epic,SSCDT-6,Dashboard & Visualization,"Deliver responsive web UI (Flask, Chart.js, D3 force graph, Leaflet India map), live fleet tracking along realistic highway corridors, timeline scrubber playback, Haversine geofence breach rings, and live weather overlay. Covers FR19–FR23 and Phase 19.",Dashboard renders real-time telemetry every 3s with interactive map and story timelines.,Dashboard & Visualization,,,Dashboard & UI,phase-1;phase-2,High,
Epic,SSCDT-7,Machine Learning,"Train 16 unsupervised ML models (8 Isolation Forest + 8 One-Class SVM) tailored per supply chain asset type, integrate ML-ANOMALY detection into triage, and extract KernelSHAP explanations. Covers Phase 22.",Unsupervised models detect zero-day telemetry anomalies with top-5 SHAP feature contributions.,Machine Learning,,,Machine Learning,ml;xai,High,
Epic,SSCDT-8,Infrastructure & DevOps,"Containerize platform across 14 Docker services, establish multi-stage Dockerfiles with non-root security, configure GitHub Actions CI/CD pipelines, and provide AWS Terraform infrastructure. Covers Phases 23, 24.",Multi-container stack starts with one command and CI/CD runs green on main.,Infrastructure & DevOps,,,Infrastructure & DevOps,docker;terraform,Medium,
Epic,SSCDT-9,Security & Compliance,"Implement 20 defense-in-depth security requirements (SR1–SR20), STRIDE threat model, Wazuh HIDS + Suricata NIDS event ingestion, secure coding standards, and dependency audit reduction.",All 20 security layers active with zero high-severity SAST vulnerabilities.,Security & Compliance,,,Security & Compliance,wazuh;suricata,Medium,
Epic,SSCDT-10,Testing & Documentation,"Provide ~200 automated unit/integration tests with >=85% coverage via pytest, comprehensive software requirements specification (53 requirements), and 11 GitHub architectural documents. Covers Phase 21.",Test suite runs green in CI and all architectural documentation files exist in docs/.,Testing & Documentation,,,Documentation,testing;documentation,Medium,
Story,SSCDT-11,REST telemetry ingestion endpoint,"As a cyber-physical system, I want a POST /api/telemetry endpoint so external IoT sensors and gateways can stream real-time telemetry into the digital twin.",Given a valid telemetry JSON payload, When POSTed to /api/telemetry, Then return 201 Created and persist metric rows to PostgreSQL.,,SSCDT-1,5,Ingestion,phase-1,High,Sprint 1
Story,SSCDT-12,REST event ingestion endpoint,"As a security operator, I want a POST /api/events endpoint so external security systems and edge gateways can push security event logs.",Given a valid security event payload, When POSTed to /api/events, Then return 201 Created and trigger correlation.,,SSCDT-1,5,Ingestion,phase-5,High,Sprint 1
Story,SSCDT-13,MQTT bridge subscriber,"As an IoT telemetry listener, I want an MQTT subscriber on supply_chain/telemetry/+ so high-frequency sensor messages are automatically ingested into the pipeline.",Given MQTT messages published to broker, When received on subscribed topics, Then validate schema and ingest asynchronously.,,SSCDT-1,8,Ingestion,phase-6,High,Sprint 1
Story,SSCDT-14,Wazuh SIEM integration,"As a SOC analyst, I want to pull host-based intrusion alerts from Wazuh Manager so endpoint compromises are reflected in the twin.",Given Wazuh Manager API active, When alert events are generated, Then pull alerts via REST and map to twin asset IDs.,,SSCDT-1,5,Ingestion,wazuh;phase-1,High,Sprint 1
Story,SSCDT-15,Suricata IDS integration,"As a network security engineer, I want to read Suricata NIDS eve.json alerts so network-level anomalies are ingested into the twin.",Given Suricata logging to eve.json, When network attacks occur, Then stream log records into ingestion pipeline.,,SSCDT-1,5,Ingestion,suricata;phase-1,High,Sprint 1
Story,SSCDT-16,PostgreSQL schema (20 tables),"As a data architect, I want a normalized PostgreSQL schema with 20 tables and 32 seeded supply chain assets so that state and telemetry are durably stored.",Given PostgreSQL 16 container, When schema and seed scripts execute, Then 20 tables and 32 assets are initialized.,,SSCDT-1,13,Ingestion,phase-2,High,Sprint 1
Story,SSCDT-17,NetworkX DiGraph twin,"As a digital twin engineer, I want a directed dependency graph representing 32 assets and 14 operational edges so that parent-child relationships and centralities are modeled.",Given seeded assets in DB, When twin_graph initializes, Then 32 nodes and 14 edges are loaded with degree and betweenness centralities.,,SSCDT-2,8,Digital Twin Core,phase-3,High,Sprint 1
Story,SSCDT-18,Live state manager,"As an operations engineer, I want real-time asset state tracking so that the twin reflects current operational and security health.",Given incoming telemetry, When processed by normalizer, Then update in-memory twin_state and persist transitions.,,SSCDT-2,5,Digital Twin Core,phase-8,High,Sprint 1
Story,SSCDT-19,Drift detection & auto-reconcile,"As a system maintainer, I want periodic drift detection every 30s so that in-memory twin state and database records stay reconciled.",Given divergence between cache and database, When drift audit sweep runs, Then auto-reconcile state and log discrepancies.,,SSCDT-2,5,Digital Twin Core,phase-8,High,Sprint 1
Story,SSCDT-20,Time-travel snapshots,"As a forensic investigator, I want full and delta state snapshots so that historical supply chain states can be reconstructed at any timestamp.",Given historical state transitions, When requesting snapshot at timestamp T, Then reconstruct exact 32-asset state.,,SSCDT-2,13,Digital Twin Core,phase-9,High,Sprint 1
Story,SSCDT-21,Eclipse Ditto integration,"As an enterprise architect, I want full Eclipse Ditto digital twin integration with 32 synchronized Things and a dashboard badge so that the platform conforms to W3C standards.",Given 5 Ditto containers running, When ditto_sync executes every 5s, Then all 32 assets sync to /api/2/things and dashboard displays Ditto badge.,,SSCDT-2,13,Digital Twin Core,eclipse-ditto,Highest,Sprint 1
Story,SSCDT-22,10 rule-based detectors,"As a detection engineer, I want 10 deterministic detection rules (RULE-001..010) covering cold-chain, speed, geofencing, and brute-force so that known attack patterns are flagged.",Given telemetry and event streams, When matching rule condition occurs, Then generate detection with confidence 0.60–0.95.,,SSCDT-3,13,Detection Engine,phase-10,High,Sprint 1
Story,SSCDT-23,9 asset-type state machines,"As a security architect, I want finite state machines for all 9 asset types so that unauthorized or out-of-order state transitions are flagged as anomalies.",Given asset state change, When transition violates defined lifecycle, Then emit transition anomaly detection.,,SSCDT-3,8,Detection Engine,phase-11,High,Sprint 1
Story,SSCDT-24,6 correlation rules,"As an incident responder, I want 6 multi-signal correlation rules so that related alerts across temporal windows are grouped into actionable incidents.",Given related detections within sliding window, When correlation conditions met, Then synthesize single consolidated incident.,,SSCDT-3,8,Detection Engine,phase-7,High,Sprint 1
Story,SSCDT-25,Risk scoring (6 components),"As a risk analyst, I want a 6-component dynamic risk scoring model (Detections 35%, Transitions 15%, Incidents 20%, Threat Intel 15%, Centrality 10%, Health 5%) so that asset risk is recomputed on every ingest.",Given asset telemetry and detections, When scoring function evaluates, Then output normalized composite risk score 0–100.,,SSCDT-3,8,Detection Engine,phase-12,High,Sprint 1
Story,SSCDT-26,IOC extraction (11 types),"As a threat researcher, I want automated extraction of 11 IOC types (IP, IPv6, domain, URL, MD5, SHA1, SHA256, email, MQTT topic, BTC, ETH) from raw payloads.",Given abnormal payload, When regex parser executes, Then extract deduplicated IOCs and associate with asset.,,SSCDT-4,8,Threat Intelligence,phase-15;ioc,High,Sprint 2
Story,SSCDT-27,3-provider enrichment,"As a cyber threat analyst, I want automated threat intel lookups across VirusTotal, AbuseIPDB, and AlienVault OTX with 24h caching so that IOC reputation is established.",Given extracted public IOC, When enrichment pipeline queries APIs, Then cache consensus verdict for 24 hours.,,SSCDT-4,13,Threat Intelligence,phase-16,High,Sprint 2
Story,SSCDT-28,C8 risk reweighting loop,"As a cybersecurity researcher, I want the C8 dynamic risk reweighting loop so that malicious external threat intelligence automatically amplifies asset risk scores.",Given malicious IOC verdict, When reweighting algorithm runs, Then amplify asset risk score and update downstream blast radius.,,SSCDT-4,13,Threat Intelligence,c8;research,Highest,Sprint 2
Story,SSCDT-29,Blast radius computation,"As a SOC analyst, I want breadth-first topological blast radius computation with 0.7^depth distance attenuation so that cascade impact is quantified.",Given compromised root asset, When BFS traversal executes up to depth 4, Then return list of impacted assets and scores.,,SSCDT-5,8,Analysis & Triage,phase-17,High,Sprint 2
Story,SSCDT-30,Attack story engine,"As an incident commander, I want an attack storytelling engine that reconstructs chronological timelines and maps events to 13 MITRE ATT&CK tactics.",Given multi-stage attack events, When narrative synthesizer runs, Then produce chronological story with MITRE tactics.,,SSCDT-5,13,Analysis & Triage,phase-14;mitre,High,Sprint 2
Story,SSCDT-31,Auto-triage classifier,"As a SOC lead, I want automated alert triage classifying detections as TP/FP/FN/TN with measured performance (P=0.89, R=1.00, F1=0.94) so that alert fatigue is eliminated.",Given unclassified detections, When triage classifier executes, Then output classification metrics and confusion matrix.,,SSCDT-5,8,Analysis & Triage,phase-18,Highest,Sprint 2
Story,SSCDT-32,XAI (SHAP) explanations,"As a security analyst, I want KernelSHAP feature attribution explanations for ML anomaly detections so that model predictions are transparent and explainable.",Given ML anomaly alert, When /api/ml/explain/{id} is queried, Then return top-5 contributing features and attribution weights.,,SSCDT-5,8,Analysis & Triage,xai,High,Sprint 2
Story,SSCDT-33,4-tab dashboard,"As a security operator, I want a responsive 4-tab Flask dashboard (Live Fleet, Attack Stories, Threat Intel, Triage) with live 3-second auto-refresh.",Given browser at http://localhost:5000, When navigating tabs, Then render responsive Chart.js and D3 views with live data.,,SSCDT-6,13,Dashboard & UI,phase-19,High,Sprint 2
Story,SSCDT-34,Live geographic map,"As a logistics security manager, I want a Leaflet map showing truck fleets traveling along real Indian highway corridors with marker clustering.",Given truck GPS coordinates, When map loads, Then render trucks on OpenStreetMap with route trails and tooltips.,,SSCDT-6,8,Dashboard & UI,phase-19,High,Sprint 2
Story,SSCDT-35,Timeline playback,"As a security trainer, I want a historical timeline scrubber to rewind and replay attack simulations step-by-step.",Given attack scenario execution, When moving timeline slider, Then rewind map and asset state to selected step.,,SSCDT-6,5,Dashboard & UI,phase-19,High,Sprint 2
Story,SSCDT-36,Geofencing + weather overlay,"As a fleet controller, I want Haversine geofence breach circles and live OpenWeather overlays displayed directly on the geographic map.",Given truck coordinates and weather API, When rendering map, Then show colored geofence boundaries and cloud/temp layers.,,SSCDT-6,5,Dashboard & UI,phase-19,High,Sprint 2
Story,SSCDT-37,Isolation Forest models (8),"As an ML engineer, I want 8 Isolation Forest anomaly detection models trained per asset type to detect zero-day telemetry anomalies.",Given baseline telemetry training sets, When models train, Then persist artifacts in ml/artifacts/ with decision thresholds.,,SSCDT-7,8,Machine Learning,ml;phase-22,High,Sprint 1
Story,SSCDT-38,One-Class SVM models (8),"As an ML engineer, I want 8 One-Class SVM models trained per asset type to provide complementary boundary-based anomaly detection.",Given normal telemetry features, When SVM models fit, Then persist model weights and evaluate anomaly boundary.,,SSCDT-7,8,Machine Learning,ml;phase-22,High,Sprint 1
Story,SSCDT-39,ML-ANOMALY detection wiring,"As a pipeline developer, I want ML model inference integrated directly into the ingestion pipeline so that anomalous payloads trigger ML detections.",Given incoming telemetry vector, When scored by trained models, Then emit ML-ANOMALY detection if threshold exceeded.,,SSCDT-7,5,Machine Learning,ml;phase-22,High,Sprint 1
Story,SSCDT-40,Multi-stage Dockerfiles,"As a DevOps engineer, I want optimized multi-stage Dockerfiles with non-root app users and healthchecks for secure container deployments.",Given project repository, When docker build runs, Then produce minimal, non-root OCI-compliant container images.,,SSCDT-8,8,Infrastructure & DevOps,docker;phase-23,Medium,Sprint 2
Story,SSCDT-41,Docker Compose (14 containers),"As a deployment engineer, I want a complete docker-compose.yml file orchestrating all 14 containers (API, DB, MQTT, Ditto, Wazuh, Suricata).",Given docker compose up -d, When executed on host, Then all 14 services start healthy and interconnected.,,SSCDT-8,5,Infrastructure & DevOps,docker;phase-23,Medium,Sprint 2
Story,SSCDT-42,CI/CD pipeline,"As a software release engineer, I want automated GitHub Actions workflows running linting, tests, security audits, and container publishing.",Given git push to main, When workflow triggers, Then execute pytest, coverage, Bandit SAST, and Docker build.,,SSCDT-8,5,Infrastructure & DevOps,phase-23,Medium,Sprint 2
Story,SSCDT-43,AWS Terraform,"As a cloud architect, I want modular Terraform scripts deploying VPC, RDS Postgres, ECS Fargate, ALB, ECR, and Secrets Manager on AWS.",Given terraform apply, When executed in cloud environment, Then provision production-ready supply chain twin infrastructure.,,SSCDT-8,21,Infrastructure & DevOps,terraform;phase-24,Medium,Sprint 2
Story,SSCDT-44,STRIDE threat model,"As a security architect, I want a comprehensive STRIDE threat model covering all DFD elements and trust boundaries with documented mitigations.",Given 7-layer architecture, When STRIDE analysis evaluates components, Then document threats and verify mitigations in THREAT_MODEL.md.,,SSCDT-9,8,Security & Compliance,phase-1,Medium,Sprint 2
Story,SSCDT-45,20 security requirements (SR1–SR20),"As a compliance officer, I want all 20 security requirements implemented and documented across authentication, validation, and container isolation.",Given system codebase, When auditing security layers, Then confirm all 20 requirements active and documented.,,SSCDT-9,5,Security & Compliance,phase-1,Medium,Sprint 2
Story,SSCDT-46,Dependency reduction & audit,"As a DevSecOps specialist, I want automated dependency vulnerability scanning using Bandit, pip-audit, and safety with a clean bill of health.",Given python dependencies, When pip-audit and bandit execute, Then report 0 known vulnerabilities and zero code smells.,,SSCDT-9,3,Security & Compliance,phase-1,Medium,Sprint 2
Story,SSCDT-47,~200 tests, ≥85% coverage,"As a QA lead, I want ~200 unit and integration tests achieving >=85% code coverage executed through pytest with XML reporting.",Given pytest testpaths=tests, When test runner executes, Then all ~200 tests pass with coverage >= 85%.,,SSCDT-10,13,Documentation,testing;phase-21,Medium,Sprint 2
Story,SSCDT-48,11 GitHub documents,"As a technical writer, I want 11 comprehensive GitHub documentation files covering Architecture, API, Deployment, CICD, Requirements, and Diagrams.",Given docs directory, When reviewing documentation, Then verify all 11 core markdown documents are complete and linked.,,SSCDT-10,8,Documentation,documentation,Medium,Sprint 2
Story,SSCDT-49,53 requirements documented,"As a systems engineer, I want the complete Phase 1 Requirements document (23 FR, 10 NFR, 20 SR) published in docs/PHASE_1_REQUIREMENTS.md.",Given Phase 1 deliverable guidelines, When compiling requirements, Then produce structured SRS document with 53 requirements.,,SSCDT-10,8,Documentation,documentation;phase-1,Medium,Sprint 2
